Workbook

Sheet 📊 لوحة التحكم
A1: 🎯 لوحة تحكم Google Ads — أمل العيسى
A3: إجمالي الإنفاق | C3: إجمالي التحويلات | E3: متوسط ROAS | G3: متوسط CPA | I3: إجمالي النقرات | K3: متوسط CTR
A4: =SUM('📋 أداء الحملات'!D2:D100) -> 1996 | C4: =SUM('📋 أداء الحملات'!I2:I100) -> 188 | E4: =IFERROR(SUM('📋 أداء الحملات'!K2:K100)/COUNTA('📋 أداء الحملات'!K2:K100),0) -> 12.721084 | G4: =IFERROR(SUM('📋 أداء الحملات'!D2:D100)/SUM('📋 أداء الحملات'!I2:I100),0) -> 10.617021 | I4: =SUM('📋 أداء الحملات'!F2:F100) -> 4930 | K4: =IFERROR(SUM('📋 أداء الحملات'!F2:F100)/SUM('📋 أداء الحملات'!E2:E100),0) -> 0.022866419
A7: 🚦 مؤشر الحالة — القرارات العاجلة
A8: الحملة | B8: ROAS | C8: الحالة | D8: التوصية
A9: =IFERROR('📋 أداء الحملات'!B2,"") -> اسم الحملة | B9: =IFERROR('📋 أداء الحملات'!K2,"") -> ROAS | C9: =IFERROR(IF('📋 أداء الحملات'!K2>=4,"✅ ممتاز",IF('📋 أداء الحملات'!K2>=2,"🟡 مقبول","🔴 يحتاج مراجعة")),"—") -> ✅ ممتاز | D9: =IFERROR(IF('📋 أداء الحملات'!K2>=4,"استمري وزيدي الميزانية",IF('📋 أداء الحملات'!K2>=2,"راجعي الكلمات والإعلانات","أوقفي وحللي السبب")),"—") -> استمري وزيدي الميزانية
A10: =IFERROR('📋 أداء الحملات'!B3,"") -> حملة البحث — عطور | B10: =IFERROR('📋 أداء الحملات'!K3,"") -> 10.8 | C10: =IFERROR(IF('📋 أداء الحملات'!K3>=4,"✅ ممتاز",IF('📋 أداء الحملات'!K3>=2,"🟡 مقبول","🔴 يحتاج مراجعة")),"—") -> ✅ ممتاز | D10: =IFERROR(IF('📋 أداء الحملات'!K3>=4,"استمري وزيدي الميزانية",IF('📋 أداء الحملات'!K3>=2,"راجعي الكلمات والإعلانات","أوقفي وحللي السبب")),"—") -> استمري وزيدي الميزانية
A11: =IFERROR('📋 أداء الحملات'!B4,"") -> حملة الشبكة — ريماركتنج | B11: =IFERROR('📋 أداء الحملات'!K4,"") -> 11.294118 | C11: =IFERROR(IF('📋 أداء الحملات'!K4>=4,"✅ ممتاز",IF('📋 أداء الحملات'!K4>=2,"🟡 مقبول","🔴 يحتاج مراجعة")),"—") -> ✅ ممتاز | D11: =IFERROR(IF('📋 أداء الحملات'!K4>=4,"استمري وزيدي الميزانية",IF('📋 أداء الحملات'!K4>=2,"راجعي الكلمات والإعلانات","أوقفي وحللي السبب")),"—") -> استمري وزيدي الميزانية
A12: =IFERROR('📋 أداء الحملات'!B5,"") -> Shopping — منتجات عطور | B12: =IFERROR('📋 أداء الحملات'!K5,"") -> 20.263158 | C12: =IFERROR(IF('📋 أداء الحملات'!K5>=4,"✅ ممتاز",IF('📋 أداء الحملات'!K5>=2,"🟡 مقبول","🔴 يحتاج مراجعة")),"—") -> ✅ ممتاز | D12: =IFERROR(IF('📋 أداء الحملات'!K5>=4,"استمري وزيدي الميزانية",IF('📋 أداء الحملات'!K5>=2,"راجعي الكلمات والإعلانات","أوقفي وحللي السبب")),"—") -> استمري وزيدي الميزانية
A13: =IFERROR('📋 أداء الحملات'!B6,"") -> حملة البحث — عطور | B13: =IFERROR('📋 أداء الحملات'!K6,"") -> 11.753731 | C13: =IFERROR(IF('📋 أداء الحملات'!K6>=4,"✅ ممتاز",IF('📋 أداء الحملات'!K6>=2,"🟡 مقبول","🔴 يحتاج مراجعة")),"—") -> ✅ ممتاز | D13: =IFERROR(IF('📋 أداء الحملات'!K6>=4,"استمري وزيدي الميزانية",IF('📋 أداء الحملات'!K6>=2,"راجعي الكلمات والإعلانات","أوقفي وحللي السبب")),"—") -> استمري وزيدي الميزانية
A14: =IFERROR('📋 أداء الحملات'!B7,"") -> Shopping — منتجات عطور | B14: =IFERROR('📋 أداء الحملات'!K7,"") -> 20.121951 | C14: =IFERROR(IF('📋 أداء الحملات'!K7>=4,"✅ ممتاز",IF('📋 أداء الحملات'!K7>=2,"🟡 مقبول","🔴 يحتاج مراجعة")),"—") -> ✅ ممتاز | D14: =IFERROR(IF('📋 أداء الحملات'!K7>=4,"استمري وزيدي الميزانية",IF('📋 أداء الحملات'!K7>=2,"راجعي الكلمات والإعلانات","أوقفي وحللي السبب")),"—") -> استمري وزيدي الميزانية

Sheet 📋 أداء الحملات
A1: 📋 تتبع أداء الحملات — Google Ads
A2: التاريخ | B2: اسم الحملة | C2: نوع الحملة | D2: الإنفاق (ريال) | E2: الظهورات | F2: النقرات | G2: CTR | H2: CPC (ريال) | I2: التحويلات | J2: CVR | K2: ROAS | L2: CPA (ريال) | M2: قيمة التحويل | N2: الحالة
A3: 2026-06-01 | B3: حملة البحث — عطور | C3: Search | D3: 250 | E3: 18500 | F3: 620 | G3: =IFERROR(F3/E3,0) -> 0.033513514 | H3: =IFERROR(D3/F3,0) -> 0.40322581 | I3: 18 | J3: =IFERROR(I3/F3,0) -> 0.029032258 | K3: =IFERROR(M3/D3,0) -> 10.8 | L3: =IFERROR(D3/I3,0) -> 13.888889 | M3: 2700 | N3: نشطة
A4: 2026-06-01 | B4: حملة الشبكة — ريماركتنج | C4: Display | D4: 85 | E4: 45000 | F4: 210 | G4: =IFERROR(F4/E4,0) -> 0.0046666667 | H4: =IFERROR(D4/F4,0) -> 0.4047619 | I4: 8 | J4: =IFERROR(I4/F4,0) -> 0.038095238 | K4: =IFERROR(M4/D4,0) -> 11.294118 | L4: =IFERROR(D4/I4,0) -> 10.625 | M4: 960 | N4: نشطة
A5: 2026-06-01 | B5: Shopping — منتجات عطور | C5: Shopping | D5: 190 | E5: 12000 | F5: 480 | G5: =IFERROR(F5/E5,0) -> 0.04 | H5: =IFERROR(D5/F5,0) -> 0.39583333 | I5: 22 | J5: =IFERROR(I5/F5,0) -> 0.045833333 | K5: =IFERROR(M5/D5,0) -> 20.263158 | L5: =IFERROR(D5/I5,0) -> 8.6363636 | M5: 3850 | N5: نشطة
A6: 2026-06-02 | B6: حملة البحث — عطور | C6: Search | D6: 268 | E6: 19200 | F6: 645 | G6: =IFERROR(F6/E6,0) -> 0.03359375 | H6: =IFERROR(D6/F6,0) -> 0.41550388 | I6: 21 | J6: =IFERROR(I6/F6,0) -> 0.03255814 | K6: =IFERROR(M6/D6,0) -> 11.753731 | L6: =IFERROR(D6/I6,0) -> 12.761905 | M6: 3150 | N6: نشطة
A7: 2026-06-02 | B7: Shopping — منتجات عطور | C7: Shopping | D7: 205 | E7: 13100 | F7: 510 | G7: =IFERROR(F7/E7,0) -> 0.038931298 | H7: =IFERROR(D7/F7,0) -> 0.40196078 | I7: 25 | J7: =IFERROR(I7/F7,0) -> 0.049019608 | K7: =IFERROR(M7/D7,0) -> 20.121951 | L7: =IFERROR(D7/I7,0) -> 8.2 | M7: 4125 | N7: نشطة
A9: 📊 الإجمالي | D9: =SUM(D3:D8) -> 998 | E9: =SUM(E3:E8) -> 107800 | F9: =SUM(F3:F8) -> 2465 | G9: =IFERROR(SUM(F3:F8)/SUM(E3:E8),0) -> 0.022866419 | H9: =IFERROR(SUM(D3:D8)/SUM(F3:F8),0) -> 0.40486815 | I9: =SUM(I3:I8) -> 94 | J9: =IFERROR(SUM(I3:I8)/SUM(F3:F8),0) -> 0.038133874 | K9: =IFERROR(SUM(M3:M8)/SUM(D3:D8),0) -> 14.814629 | L9: =IFERROR(SUM(D3:D8)/SUM(I3:I8),0) -> 10.617021 | M9: =SUM(M3:M8) -> 14785
A11: 💡 أضيفي بياناتك اليومية أو الأسبوعية هنا — الصفوف الزرقاء للإدخال اليدوي، الصفراء للمعادلات التلقائية

Sheet 💰 حاسبة الميزانية
A1: 💰 حاسبة الميزانية والعائد — Google Ads
A3: 📥 المدخلات — خاناتك الصفراء للتعديل
A4: هدف المبيعات الشهري (ريال) | B4: 50000 | C4: ريال
A5: متوسط قيمة الطلب الواحد (ريال) | B5: 300 | C5: ريال
A6: معدل التحويل المتوقع % | B6: 2.5 | C6: %
A7: متوسط تكلفة النقرة المتوقعة (ريال CPC) | B7: 1.5 | C7: ريال
A8: هامش الربح % | B8: 40 | C8: %
A9: الـ ROAS المستهدف | B9: 4 | C9: x
A11: 📤 النتائج المحسوبة تلقائياً
A12: عدد الطلبات المطلوب شهرياً | B12: =CEILING(B4/B5,1) -> 167
A13: عدد الزيارات المطلوبة شهرياً | B13: =CEILING(B12/(B6/100),1) -> 6680
A14: الميزانية الإعلانية الشهرية المطلوبة (ريال) | B14: =CEILING(B13*B7,1) -> 10020
A15: الميزانية اليومية الموصى بها (ريال) | B15: =CEILING(B14/30,1) -> 334
A16: الـ ROAS المتوقع | B16: =IFERROR(B4/B14,0) -> 4.99002
A17: الربح الصافي المتوقع (ريال) | B17: =IFERROR(B4*(B8/100)-B14,0) -> 9980
A18: نقطة التعادل — أدنى ROAS مقبول | B18: =IFERROR(1/(B8/100),0) -> 2.5
A19: تكلفة اكتساب العميل المستهدفة (CPA) | B19: =IFERROR(B5*(B8/100),0) -> 120
A21: 📊 جدول سيناريوهات الميزانية
A22: السيناريو | B22: الميزانية اليومية | C22: الميزانية الشهرية | D22: الزيارات المتوقعة | E22: التحويلات المتوقعة | F22: المبيعات المتوقعة
A23: 🔴 محافظ | B23: 50 | C23: =B23*30 -> 1500 | D23: =C23/B7 -> 1000 | E23: =D23*(B6/100) -> 25 | F23: =E23*B5 -> 7500
A24: 🟡 متوسط | B24: 150 | C24: =B24*30 -> 4500 | D24: =C24/B7 -> 3000 | E24: =D24*(B6/100) -> 75 | F24: =E24*B5 -> 22500
A25: 🟢 مكثف | B25: 300 | C25: =B25*30 -> 9000 | D25: =C25/B7 -> 6000 | E25: =D25*(B6/100) -> 150 | F25: =E25*B5 -> 45000
A26: 🚀 عدواني | B26: 600 | C26: =B26*30 -> 18000 | D26: =C26/B7 -> 12000 | E26: =D26*(B6/100) -> 300 | F26: =E26*B5 -> 90000

Sheet 🔑 تحليل الكلمات
A1: 🔑 تحليل الكلمات المفتاحية وقرارات التحسين
A2: الكلمة المفتاحية | B2: نوع التطابق | C2: الظهورات | D2: النقرات | E2: CTR | F2: CPC | G2: QS | H2: التحويلات | I2: CPA | J2: القرار
A3: عطر رجالي | B3: Exact | C3: 4500 | D3: 180 | E3: =IFERROR(D3/C3,0) -> 0.04 | F3: 1.8 | G3: 8 | H3: 12 | I3: =IFERROR(F3*D3/H3,0) -> 27 | J3: =IF(H3=0,IF(G3<5,"🔴 أوقفي — QS منخفض وبدون تحويل","🟡 أعطيها فرصة أسبوع"),IF(G3>=7,IF(I3<=150,"✅ استمري وزيدي","🟡 راجعي العطاء"),"⚠️ حسّني الإعلان لرفع QS")) -> ✅ استمري وزيدي
A4: شراء عطر اونلاين | B4: Phrase | C4: 3200 | D4: 95 | E4: =IFERROR(D4/C4,0) -> 0.0296875 | F4: 2.1 | G4: 7 | H4: 7 | I4: =IFERROR(F4*D4/H4,0) -> 28.5 | J4: =IF(H4=0,IF(G4<5,"🔴 أوقفي — QS منخفض وبدون تحويل","🟡 أعطيها فرصة أسبوع"),IF(G4>=7,IF(I4<=150,"✅ استمري وزيدي","🟡 راجعي العطاء"),"⚠️ حسّني الإعلان لرفع QS")) -> ✅ استمري وزيدي
A5: عطور فاخرة | B5: Broad | C5: 12000 | D5: 210 | E5: =IFERROR(D5/C5,0) -> 0.0175 | F5: 1.2 | G5: 6 | H5: 5 | I5: =IFERROR(F5*D5/H5,0) -> 50.4 | J5: =IF(H5=0,IF(G5<5,"🔴 أوقفي — QS منخفض وبدون تحويل","🟡 أعطيها فرصة أسبوع"),IF(G5>=7,IF(I5<=150,"✅ استمري وزيدي","🟡 راجعي العطاء"),"⚠️ حسّني الإعلان لرفع QS")) -> ⚠️ حسّني الإعلان لرفع QS
A6: عطر ارخص | B6: Broad | C6: 2800 | D6: 88 | E6: =IFERROR(D6/C6,0) -> 0.031428571 | F6: 0.9 | G6: 4 | H6: 1 | I6: =IFERROR(F6*D6/H6,0) -> 79.2 | J6: =IF(H6=0,IF(G6<5,"🔴 أوقفي — QS منخفض وبدون تحويل","🟡 أعطيها فرصة أسبوع"),IF(G6>=7,IF(I6<=150,"✅ استمري وزيدي","🟡 راجعي العطاء"),"⚠️ حسّني الإعلان لرفع QS")) -> ⚠️ حسّني الإعلان لرفع QS
A7: عطر مجاني | B7: Broad | C7: 1500 | D7: 45 | E7: =IFERROR(D7/C7,0) -> 0.03 | F7: 0.8 | G7: 3 | H7: 0 | I7: =IFERROR(F7*D7/H7,0) -> 0 | J7: =IF(H7=0,IF(G7<5,"🔴 أوقفي — QS منخفض وبدون تحويل","🟡 أعطيها فرصة أسبوع"),IF(G7>=7,IF(I7<=150,"✅ استمري وزيدي","🟡 راجعي العطاء"),"⚠️ حسّني الإعلان لرفع QS")) -> 🔴 أوقفي — QS منخفض وبدون تحويل
A8: عطر كريد اصلي | B8: Phrase | C8: 1800 | D8: 72 | E8: =IFERROR(D8/C8,0) -> 0.04 | F8: 3.2 | G8: 9 | H8: 9 | I8: =IFERROR(F8*D8/H8,0) -> 25.6 | J8: =IF(H8=0,IF(G8<5,"🔴 أوقفي — QS منخفض وبدون تحويل","🟡 أعطيها فرصة أسبوع"),IF(G8>=7,IF(I8<=150,"✅ استمري وزيدي","🟡 راجعي العطاء"),"⚠️ حسّني الإعلان لرفع QS")) -> ✅ استمري وزيدي
A9: هدية عطر | B9: Phrase | C9: 2100 | D9: 84 | E9: =IFERROR(D9/C9,0) -> 0.04 | F9: 1.5 | G9: 7 | H9: 6 | I9: =IFERROR(F9*D9/H9,0) -> 21 | J9: =IF(H9=0,IF(G9<5,"🔴 أوقفي — QS منخفض وبدون تحويل","🟡 أعطيها فرصة أسبوع"),IF(G9>=7,IF(I9<=150,"✅ استمري وزيدي","🟡 راجعي العطاء"),"⚠️ حسّني الإعلان لرفع QS")) -> ✅ استمري وزيدي
A10: تفصيل عطر | B10: Broad | C10: 500 | D10: 15 | E10: =IFERROR(D10/C10,0) -> 0.03 | F10: 1.1 | G10: 5 | H10: 0 | I10: =IFERROR(F10*D10/H10,0) -> 0 | J10: =IF(H10=0,IF(G10<5,"🔴 أوقفي — QS منخفض وبدون تحويل","🟡 أعطيها فرصة أسبوع"),IF(G10>=7,IF(I10<=150,"✅ استمري وزيدي","🟡 راجعي العطاء"),"⚠️ حسّني الإعلان لرفع QS")) -> 🟡 أعطيها فرصة أسبوع

Sheet ✅ مصفوفة القرار
A1: ✅ مصفوفة القرار — متى تستمرين ومتى تغيرين ومتى توقفين
A2: المؤشر | B2: السيناريو | C2: الحالة | D2: السبب المحتمل | E2: الإجراء الفوري | F2: المدة قبل القرار | G2: الأولوية
A3: ROAS | B3: أعلى من 4x | C3: ✅ ممتاز | D3: الحملة ناجحة جداً | E3: ارفعي الميزانية 20-30% | F3: فورياً | G3: 🔴 عاجل
A4: ROAS | B4: 2x - 4x | C4: 🟡 مقبول | D4: أداء متوسط — يمكن تحسينه | E4: راجعي الكلمات السلبية والـ Ad Copy | F4: أسبوع | G4: 🟡 مهم
A5: ROAS | B5: أقل من 1x | C5: 🔴 خطر | D5: الحملة خاسرة | E5: أوقفي فوراً — ابدئي التحليل | F5: فورياً | G5: 🔴 عاجل
A6: CTR | B6: أقل من 1% | C6: 🔴 منخفض | D6: الإعلان غير جذاب أو الاستهداف خاطئ | E6: غيّري Headlines + راجعي المطابقة | F6: 3 أيام | G6: 🟡 مهم
A7: CTR | B7: 5% وأكثر | C7: ✅ ممتاز | D7: الإعلان جذاب للجمهور المناسب | E7: راجعي CVR — هل الصفحة جيدة؟ | F7: أسبوع | G7: 🟡 مهم
A8: QS | B8: 1-4 | C8: 🔴 ضعيف جداً | D8: إعلان غير ذي صلة أو صفحة ضعيفة | E8: انشئي Ad Group مخصص + حسّني الصفحة | F8: 3 أيام | G8: 🔴 عاجل
A9: QS | B9: 7-10 | C9: ✅ ممتاز | D9: إعلان عالي الجودة = تكلفة أقل | E9: حافظي عليه + وسّعي الكلمات | F9: — | G9: 🟢 ثانوي
A10: CVR | B10: أقل من 1% | C10: 🔴 منخفض | D10: صفحة هبوط ضعيفة أو بطيئة | E10: اختبري صفحات هبوط جديدة + سرعة الموقع | F10: أسبوع | G10: 🟡 مهم
A11: Impression Share | B11: أقل من 50% | C11: 🟡 منخفض | D11: ميزانية أو عطاء منخفض | E11: ارفعي الميزانية أو العطاء + حسّني QS | F11: أسبوع | G11: 🟡 مهم
A12: CPA | B12: أعلى من هامش الربح | C12: 🔴 خطر | D12: تكلفة الإعلان تأكل الربح | E12: أوقفي الكلمات الغالية + ضيّقي الاستهداف | F12: فورياً | G12: 🔴 عاجل
A13: Learning Phase | B13: أقل من 50 تحويل/شهر | C13: ⚠️ غير مستقر | D13: بيانات غير كافية للـ Smart Bidding | E13: ابدئي بـ Maximize Clicks أو Conversions | F13: شهر | G13: 🟡 مهم

Sheet 📅 التقرير الشهري
A1: 📅 نموذج التقرير الشهري — Google Ads
A3: ملخص الشهر
A4: الفترة الزمنية | D4: من: ............ إلى: ............
A5: إجمالي الميزانية المخصصة (ريال)
A6: إجمالي الإنفاق الفعلي (ريال)
A7: إجمالي الإيرادات من الإعلانات (ريال)
A8: صافي ROAS للشهر | D8: =IFERROR(D7/D6,0) -> 0
A9: إجمالي التحويلات
A10: متوسط CPA للشهر (ريال) | D10: =IFERROR(D6/D9,0) -> 0
A11: أعلى حملة أداءً
A12: أضعف حملة أداءً
A15: 🔍 الملاحظات والاستنتاجات
A16: ما نجح هذا الشهر:
A17: ما لم ينجح:
A18: الأخطاء المكتشفة:
A19: الكلمات التي أضيفت للنيغاتف:
A20: الاختبارات المجراة (A/B Tests):
A23: 🎯 خطة الشهر القادم
A24: الميزانية المقترحة (ريال):
A25: الأهداف الرئيسية:
A26: الحملات الجديدة المخططة:
... A28: الكلمات الجديدة للاختبار:

Sheet 🚫 قائمة النيغاتف
A1: 🚫 قائمة الكلمات السلبية (Negative Keywords)
A2: الكلمة السلبية | B2: نوع التطابق | C2: السبب | D2: تاريخ الإضافة
A3: مجاني | B3: Exact | C3: لا نقدم منتجات مجانية
A4: مجانية | B4: Exact | C4: لا نقدم منتجات مجانية
A5: كيفية | B5: Broad | C5: استفسار معلوماتي وليس شرائي
A6: طريقة | B6: Broad | C6: استفسار معلوماتي
A7: ما هو | B7: Broad | C7: استفسار تعريفي
A8: وظائف | B8: Broad | C8: متقدمو وظائف
A9: تقليد | B9: Exact | C9: منتجات مقلدة — غير مرغوب
A10: رخيص جداً | B10: Phrase | C10: لا نستهدف شريحة الأسعار المنخفضة جداً
A11: مستعمل | B11: Exact | C11: نبيع جديد فقط
A12: DIY | B12: Exact | C12: نبيع منتجات جاهزة
A15: 💡 أضيفي الكلمات السلبية الجديدة هنا باستمرار من تقرير Search Terms في Google Ads
